{
    "name": "root",
    "metadata": {
        "timer_format_version": "0.1.0",
        "start_time_seconds": "1615778325",
        "python_version": "3.9.2 (tags/v3.9.2:1a79785, Feb 19 2021, 13:44:55) [MSC v.1928 64 bit (AMD64)]",
        "command_line_arguments": "E:\\uni_work\\Year 3 Term 2\\MAT301\\repos\\Boids-of-Prey-2D\\Boids_of_Prey_2D\\venv\\Scripts\\mlagents-learn --run-id=firstTest8",
        "mlagents_version": "0.24.1",
        "mlagents_envs_version": "0.24.1",
        "communication_protocol_version": "1.4.0",
        "pytorch_version": "1.7.1+cu110",
        "numpy_version": "1.20.1",
        "end_time_seconds": "1615778567"
    },
    "total": 241.9486215,
    "count": 1,
    "self": 0.002665900000010879,
    "children": {
        "run_training.setup": {
            "total": 0.09452860000000007,
            "count": 1,
            "self": 0.09452860000000007
        },
        "TrainerController.start_learning": {
            "total": 241.851427,
            "count": 1,
            "self": 0.7076967999978478,
            "children": {
                "TrainerController._reset_env": {
                    "total": 9.0771738,
                    "count": 1,
                    "self": 9.0771738
                },
                "TrainerController.advance": {
                    "total": 231.96596160000217,
                    "count": 35036,
                    "self": 0.34797940000419203,
                    "children": {
                        "env_step": {
                            "total": 231.61798219999798,
                            "count": 35036,
                            "self": 175.32147429999992,
                            "children": {
                                "SubprocessEnvManager._take_step": {
                                    "total": 55.93865099999958,
                                    "count": 35036,
                                    "self": 1.7993315000002212,
                                    "children": {
                                        "TorchPolicy.evaluate": {
                                            "total": 54.13931949999936,
                                            "count": 34761,
                                            "self": 24.413167200001194,
                                            "children": {
                                                "TorchPolicy.sample_actions": {
                                                    "total": 29.726152299998166,
                                                    "count": 34761,
                                                    "self": 29.726152299998166
                                                }
                                            }
                                        }
                                    }
                                },
                                "workers": {
                                    "total": 0.3578568999984668,
                                    "count": 35035,
                                    "self": 0.0,
                                    "children": {
                                        "worker_root": {
                                            "total": 233.23496540000136,
                                            "count": 35035,
                                            "is_parallel": true,
                                            "self": 85.05343580000198,
                                            "children": {
                                                "steps_from_proto": {
                                                    "total": 0.000412800000000324,
                                                    "count": 1,
                                                    "is_parallel": true,
                                                    "self": 8.630000000131588e-05,
                                                    "children": {
                                                        "_process_vector_observation": {
                                                            "total": 0.00032649999999900814,
                                                            "count": 4,
                                                            "is_parallel": true,
                                                            "self": 0.00032649999999900814
                                                        }
                                                    }
                                                },
                                                "UnityEnvironment.step": {
                                                    "total": 148.1811167999994,
                                                    "count": 35035,
                                                    "is_parallel": true,
                                                    "self": 1.92228340000284,
                                                    "children": {
                                                        "UnityEnvironment._generate_step_input": {
                                                            "total": 4.292962699996968,
                                                            "count": 35035,
                                                            "is_parallel": true,
                                                            "self": 4.292962699996968
                                                        },
                                                        "communicator.exchange": {
                                                            "total": 134.85564670000016,
                                                            "count": 35035,
                                                            "is_parallel": true,
                                                            "self": 134.85564670000016
                                                        },
                                                        "steps_from_proto": {
                                                            "total": 7.110223999999425,
                                                            "count": 35035,
                                                            "is_parallel": true,
                                                            "self": 2.805907800003819,
                                                            "children": {
                                                                "_process_vector_observation": {
                                                                    "total": 4.304316199995606,
                                                                    "count": 140140,
                                                                    "is_parallel": true,
                                                                    "self": 4.304316199995606
                                                                }
                                                            }
                                                        }
                                                    }
                                                }
                                            }
                                        }
                                    }
                                }
                            }
                        }
                    }
                },
                "trainer_threads": {
                    "total": 1.9299999991062577e-05,
                    "count": 1,
                    "self": 1.9299999991062577e-05,
                    "children": {
                        "thread_root": {
                            "total": 0.0,
                            "count": 0,
                            "is_parallel": true,
                            "self": 0.0,
                            "children": {
                                "trainer_advance": {
                                    "total": 231.13817080000422,