{
    "name": "root",
    "metadata": {
        "timer_format_version": "0.1.0",
        "start_time_seconds": "1615776768",
        "python_version": "3.9.2 (tags/v3.9.2:1a79785, Feb 19 2021, 13:44:55) [MSC v.1928 64 bit (AMD64)]",
        "command_line_arguments": "E:\\uni_work\\Year 3 Term 2\\MAT301\\repos\\Boids-of-Prey-2D\\Boids_of_Prey_2D\\venv\\Scripts\\mlagents-learn --run-id=firstTest2",
        "mlagents_version": "0.24.1",
        "mlagents_envs_version": "0.24.1",
        "communication_protocol_version": "1.4.0",
        "pytorch_version": "1.7.1+cu110",
        "numpy_version": "1.20.1",
        "end_time_seconds": "1615776853"
    },
    "total": 84.83056400000001,
    "count": 1,
    "self": 0.003595500000017182,
    "children": {
        "run_training.setup": {
            "total": 0.093916,
            "count": 1,
            "self": 0.093916
        },
        "TrainerController.start_learning": {
            "total": 84.7330525,
            "count": 1,
            "self": 0.23210420000086174,
            "children": {
                "TrainerController._reset_env": {
                    "total": 6.7006532,
                    "count": 1,
                    "self": 6.7006532
                },
                "TrainerController.advance": {
                    "total": 77.69122599999913,
                    "count": 11453,
                    "self": 0.11576479999942535,
                    "children": {
                        "env_step": {
                            "total": 77.57546119999971,
                            "count": 11453,
                            "self": 58.93313389999906,
                            "children": {
                                "SubprocessEnvManager._take_step": {
                                    "total": 18.532910400000446,
                                    "count": 11453,
                                    "self": 0.576213300000834,
                                    "children": {
                                        "TorchPolicy.evaluate": {
                                            "total": 17.956697099999612,
                                            "count": 11297,
                                            "self": 8.133733399999123,
                                            "children": {
                                                "TorchPolicy.sample_actions": {
                                                    "total": 9.82296370000049,
                                                    "count": 11297,
                                                    "self": 9.82296370000049
                                                }
                                            }
                                        }
                                    }
                                },
                                "workers": {
                                    "total": 0.10941690000019832,
                                    "count": 11452,
                                    "self": 0.0,
                                    "children": {
                                        "worker_root": {
                                            "total": 79.0605118000001,
                                            "count": 11452,
                                            "is_parallel": true,
                                            "self": 28.971067999999427,
                                            "children": {
                                                "steps_from_proto": {
                                                    "total": 0.0003952000000007061,
                                                    "count": 1,
                                                    "is_parallel": true,
                                                    "self": 9.070000000122036e-05,
                                                    "children": {
                                                        "_process_vector_observation": {
                                                            "total": 0.00030449999999948574,
                                                            "count": 4,
                                                            "is_parallel": true,
                                                            "self": 0.00030449999999948574
                                                        }
                                                    }
                                                },
                                                "UnityEnvironment.step": {
                                                    "total": 50.08904860000067,
                                                    "count": 11452,
                                                    "is_parallel": true,
                                                    "self": 0.6239599000005143,
                                                    "children": {
                                                        "UnityEnvironment._generate_step_input": {
                                                            "total": 1.400762399999424,
                                                            "count": 11452,
                                                            "is_parallel": true,
                                                            "self": 1.400762399999424
                                                        },
                                                        "communicator.exchange": {
                                                            "total": 45.74895210000015,
                                                            "count": 11452,
                                                            "is_parallel": true,
                                                            "self": 45.74895210000015
                                                        },
                                                        "steps_from_proto": {
                                                            "total": 2.315374200000581,
                                                            "count": 11452,
                                                            "is_parallel": true,
                                                            "self": 0.9081290000003577,
                                                            "children": {
                                                                "_process_vector_observation": {
                                                                    "total": 1.4072452000002231,
                                                                    "count": 45808,
                                                                    "is_parallel": true,
                                                                    "self": 1.4072452000002231
                                                                }
                                                            }
                                                        }
                                                    }
                                                }
                                            }
                                        }
                                    }
                                }
                            }
                        }
                    }
                },
                "trainer_threads": {
                    "total": 1.5099999998824387e-05,
                    "count": 1,
                    "self": 1.5099999998824387e-05,
                    "children": {
                        "thread_root": {
                            "total": 0.0,
                            "count": 0,
                            "is_parallel": true,
                            "self": 0.0,
                            "children": {
                                "trainer_advance": {
                                    "total": 77.4531282000024,