{
    "name": "root",
    "metadata": {
        "timer_format_version": "0.1.0",
        "start_time_seconds": "1615778614",
        "python_version": "3.9.2 (tags/v3.9.2:1a79785, Feb 19 2021, 13:44:55) [MSC v.1928 64 bit (AMD64)]",
        "command_line_arguments": "E:\\uni_work\\Year 3 Term 2\\MAT301\\repos\\Boids-of-Prey-2D\\Boids_of_Prey_2D\\venv\\Scripts\\mlagents-learn --run-id=firstTest9",
        "mlagents_version": "0.24.1",
        "mlagents_envs_version": "0.24.1",
        "communication_protocol_version": "1.4.0",
        "pytorch_version": "1.7.1+cu110",
        "numpy_version": "1.20.1",
        "end_time_seconds": "1615778686"
    },
    "total": 71.8613951,
    "count": 1,
    "self": 0.00434529999999711,
    "children": {
        "run_training.setup": {
            "total": 0.09303689999999998,
            "count": 1,
            "self": 0.09303689999999998
        },
        "TrainerController.start_learning": {
            "total": 71.7640129,
            "count": 1,
            "self": 0.2206877000001981,
            "children": {
                "TrainerController._reset_env": {
                    "total": 8.0065384,
                    "count": 1,
                    "self": 8.0065384
                },
                "TrainerController.advance": {
                    "total": 63.4398698999998,
                    "count": 10216,
                    "self": 0.10329969999974509,
                    "children": {
                        "env_step": {
                            "total": 63.336570200000054,
                            "count": 10216,
                            "self": 46.98463750000031,
                            "children": {
                                "SubprocessEnvManager._take_step": {
                                    "total": 16.25497519999967,
                                    "count": 10216,
                                    "self": 0.535011799999662,
                                    "children": {
                                        "TorchPolicy.evaluate": {
                                            "total": 15.719963400000008,
                                            "count": 10157,
                                            "self": 7.073724399999637,
                                            "children": {
                                                "TorchPolicy.sample_actions": {
                                                    "total": 8.64623900000037,
                                                    "count": 10157,
                                                    "self": 8.64623900000037
                                                }
                                            }
                                        }
                                    }
                                },
                                "workers": {
                                    "total": 0.09695750000007308,
                                    "count": 10215,
                                    "self": 0.0,
                                    "children": {
                                        "worker_root": {
                                            "total": 64.79172429999994,
                                            "count": 10215,
                                            "is_parallel": true,
                                            "self": 25.663288899999614,
                                            "children": {
                                                "steps_from_proto": {
                                                    "total": 0.0002940000000002385,
                                                    "count": 1,
                                                    "is_parallel": true,
                                                    "self": 8.77000000016892e-05,
                                                    "children": {
                                                        "_process_vector_observation": {
                                                            "total": 0.0002062999999985493,
                                                            "count": 4,
                                                            "is_parallel": true,
                                                            "self": 0.0002062999999985493
                                                        }
                                                    }
                                                },
                                                "UnityEnvironment.step": {
                                                    "total": 39.12814140000033,
                                                    "count": 10215,
                                                    "is_parallel": true,
                                                    "self": 0.5467969000006505,
                                                    "children": {
                                                        "UnityEnvironment._generate_step_input": {
                                                            "total": 1.2529448999999833,
                                                            "count": 10215,
                                                            "is_parallel": true,
                                                            "self": 1.2529448999999833
                                                        },
                                                        "communicator.exchange": {
                                                            "total": 35.281537099999625,
                                                            "count": 10215,
                                                            "is_parallel": true,
                                                            "self": 35.281537099999625
                                                        },
                                                        "steps_from_proto": {
                                                            "total": 2.046862500000076,
                                                            "count": 10215,
                                                            "is_parallel": true,
                                                            "self": 0.8003995000007169,
                                                            "children": {
                                                                "_process_vector_observation": {
                                                                    "total": 1.246462999999359,
                                                                    "count": 40860,
                                                                    "is_parallel": true,
                                                                    "self": 1.246462999999359
                                                                }
                                                            }
                                                        }
                                                    }
                                                }
                                            }
                                        }
                                    }
                                }
                            }
                        }
                    }
                },
                "trainer_threads": {
                    "total": 1.8400000001861372e-05,
                    "count": 1,
                    "self": 1.8400000001861372e-05,
                    "children": {
                        "thread_root": {
                            "total": 0.0,
                            "count": 0,
                            "is_parallel": true,
                            "self": 0.0,
                            "children": {
                                "trainer_advance": {
                                    "total": 63.270705599999246,