{
    "name": "root",
    "metadata": {
        "timer_format_version": "0.1.0",
        "start_time_seconds": "1615777308",
        "python_version": "3.9.2 (tags/v3.9.2:1a79785, Feb 19 2021, 13:44:55) [MSC v.1928 64 bit (AMD64)]",
        "command_line_arguments": "E:\\uni_work\\Year 3 Term 2\\MAT301\\repos\\Boids-of-Prey-2D\\Boids_of_Prey_2D\\venv\\Scripts\\mlagents-learn --run-id=firstTest5",
        "mlagents_version": "0.24.1",
        "mlagents_envs_version": "0.24.1",
        "communication_protocol_version": "1.4.0",
        "pytorch_version": "1.7.1+cu110",
        "numpy_version": "1.20.1",
        "end_time_seconds": "1615777417"
    },
    "total": 108.75875060000001,
    "count": 1,
    "self": 0.002890300000004231,
    "children": {
        "run_training.setup": {
            "total": 0.09579100000000018,
            "count": 1,
            "self": 0.09579100000000018
        },
        "TrainerController.start_learning": {
            "total": 108.6600693,
            "count": 1,
            "self": 0.353296700000854,
            "children": {
                "TrainerController._reset_env": {
                    "total": 5.5789998,
                    "count": 1,
                    "self": 5.5789998
                },
                "TrainerController.advance": {
                    "total": 102.63418749999914,
                    "count": 17216,
                    "self": 0.16801309999844705,
                    "children": {
                        "env_step": {
                            "total": 102.4661744000007,
                            "count": 17216,
                            "self": 74.75218560000164,
                            "children": {
                                "SubprocessEnvManager._take_step": {
                                    "total": 27.54953779999911,
                                    "count": 17216,
                                    "self": 0.8766167999992724,
                                    "children": {
                                        "TorchPolicy.evaluate": {
                                            "total": 26.67292099999984,
                                            "count": 16964,
                                            "self": 12.056560799998689,
                                            "children": {
                                                "TorchPolicy.sample_actions": {
                                                    "total": 14.61636020000115,
                                                    "count": 16964,
                                                    "self": 14.61636020000115
                                                }
                                            }
                                        }
                                    }
                                },
                                "workers": {
                                    "total": 0.1644509999999464,
                                    "count": 17215,
                                    "self": 0.0,
                                    "children": {
                                        "worker_root": {
                                            "total": 103.92698399999949,
                                            "count": 17215,
                                            "is_parallel": true,
                                            "self": 42.44286469999929,
                                            "children": {
                                                "steps_from_proto": {
                                                    "total": 0.0002709000000002959,
                                                    "count": 1,
                                                    "is_parallel": true,
                                                    "self": 9.329999999874161e-05,
                                                    "children": {
                                                        "_process_vector_observation": {
                                                            "total": 0.0001776000000015543,
                                                            "count": 4,
                                                            "is_parallel": true,
                                                            "self": 0.0001776000000015543
                                                        }
                                                    }
                                                },
                                                "UnityEnvironment.step": {
                                                    "total": 61.4838484000002,
                                                    "count": 17215,
                                                    "is_parallel": true,
                                                    "self": 0.9334456000012139,
                                                    "children": {
                                                        "UnityEnvironment._generate_step_input": {
                                                            "total": 2.092742000000169,
                                                            "count": 17215,
                                                            "is_parallel": true,
                                                            "self": 2.092742000000169
                                                        },
                                                        "communicator.exchange": {
                                                            "total": 54.87889479999984,
                                                            "count": 17215,
                                                            "is_parallel": true,
                                                            "self": 54.87889479999984
                                                        },
                                                        "steps_from_proto": {
                                                            "total": 3.578765999998973,
                                                            "count": 17215,
                                                            "is_parallel": true,
                                                            "self": 1.4141089999990797,
                                                            "children": {
                                                                "_process_vector_observation": {
                                                                    "total": 2.1646569999998935,
                                                                    "count": 68860,
                                                                    "is_parallel": true,
                                                                    "self": 2.1646569999998935
                                                                }
                                                            }
                                                        }
                                                    }
                                                }
                                            }
                                        }
                                    }
                                }
                            }
                        }
                    }
                },
                "trainer_threads": {
                    "total": 2.200000000129876e-05,
                    "count": 1,
                    "self": 2.200000000129876e-05,
                    "children": {
                        "thread_root": {
                            "total": 0.0,
                            "count": 0,
                            "is_parallel": true,
                            "self": 0.0,
                            "children": {
                                "trainer_advance": {
                                    "total": 102.36413449999873,