{
    "name": "root",
    "metadata": {
        "timer_format_version": "0.1.0",
        "start_time_seconds": "1615778716",
        "python_version": "3.9.2 (tags/v3.9.2:1a79785, Feb 19 2021, 13:44:55) [MSC v.1928 64 bit (AMD64)]",
        "command_line_arguments": "E:\\uni_work\\Year 3 Term 2\\MAT301\\repos\\Boids-of-Prey-2D\\Boids_of_Prey_2D\\venv\\Scripts\\mlagents-learn --run-id=firstTest10",
        "mlagents_version": "0.24.1",
        "mlagents_envs_version": "0.24.1",
        "communication_protocol_version": "1.4.0",
        "pytorch_version": "1.7.1+cu110",
        "numpy_version": "1.20.1",
        "end_time_seconds": "1615778880"
    },
    "total": 164.7013475,
    "count": 1,
    "self": 0.004639900000000807,
    "children": {
        "run_training.setup": {
            "total": 0.08711459999999982,
            "count": 1,
            "self": 0.08711459999999982
        },
        "TrainerController.start_learning": {
            "total": 164.609593,
            "count": 1,
            "self": 0.490882200001721,
            "children": {
                "TrainerController._reset_env": {
                    "total": 5.3002008,
                    "count": 1,
                    "self": 5.3002008
                },
                "TrainerController.advance": {
                    "total": 158.72302619999826,
                    "count": 23497,
                    "self": 0.22108029999890277,
                    "children": {
                        "env_step": {
                            "total": 158.50194589999936,
                            "count": 23497,
                            "self": 120.33469320000017,
                            "children": {
                                "SubprocessEnvManager._take_step": {
                                    "total": 37.92802450000014,
                                    "count": 23497,
                                    "self": 1.2336814000013092,
                                    "children": {
                                        "TorchPolicy.evaluate": {
                                            "total": 36.69434309999883,
                                            "count": 23371,
                                            "self": 16.43696920000109,
                                            "children": {
                                                "TorchPolicy.sample_actions": {
                                                    "total": 20.25737389999774,
                                                    "count": 23371,
                                                    "self": 20.25737389999774
                                                }
                                            }
                                        }
                                    }
                                },
                                "workers": {
                                    "total": 0.23922819999903755,
                                    "count": 23496,
                                    "self": 0.0,
                                    "children": {
                                        "worker_root": {
                                            "total": 159.96227399999958,
                                            "count": 23496,
                                            "is_parallel": true,
                                            "self": 57.78682460000083,
                                            "children": {
                                                "steps_from_proto": {
                                                    "total": 0.00028540000000010224,
                                                    "count": 1,
                                                    "is_parallel": true,
                                                    "self": 9.740000000046933e-05,
                                                    "children": {
                                                        "_process_vector_observation": {
                                                            "total": 0.0001879999999996329,
                                                            "count": 4,
                                                            "is_parallel": true,
                                                            "self": 0.0001879999999996329
                                                        }
                                                    }
                                                },
                                                "UnityEnvironment.step": {
                                                    "total": 102.17516399999876,
                                                    "count": 23496,
                                                    "is_parallel": true,
                                                    "self": 1.2680691999983082,
                                                    "children": {
                                                        "UnityEnvironment._generate_step_input": {
                                                            "total": 2.936341099999786,
                                                            "count": 23496,
                                                            "is_parallel": true,
                                                            "self": 2.936341099999786
                                                        },
                                                        "communicator.exchange": {
                                                            "total": 93.1494255,
                                                            "count": 23496,
                                                            "is_parallel": true,
                                                            "self": 93.1494255
                                                        },
                                                        "steps_from_proto": {
                                                            "total": 4.821328200000664,
                                                            "count": 23496,
                                                            "is_parallel": true,
                                                            "self": 1.9570892000028133,
                                                            "children": {
                                                                "_process_vector_observation": {
                                                                    "total": 2.864238999997851,
                                                                    "count": 93984,
                                                                    "is_parallel": true,
                                                                    "self": 2.864238999997851
                                                                }
                                                            }
                                                        }
                                                    }
                                                }
                                            }
                                        }
                                    }
                                }
                            }
                        }
                    }
                },
                "trainer_threads": {
                    "total": 1.7400000018596984e-05,
                    "count": 1,
                    "self": 1.7400000018596984e-05,
                    "children": {
                        "thread_root": {
                            "total": 0.0,
                            "count": 0,
                            "is_parallel": true,
                            "self": 0.0,
                            "children": {
                                "trainer_advance": {
                                    "total": 158.2383907000018,