{
    "name": "root",
    "metadata": {
        "timer_format_version": "0.1.0",
        "start_time_seconds": "1615776983",
        "python_version": "3.9.2 (tags/v3.9.2:1a79785, Feb 19 2021, 13:44:55) [MSC v.1928 64 bit (AMD64)]",
        "command_line_arguments": "E:\\uni_work\\Year 3 Term 2\\MAT301\\repos\\Boids-of-Prey-2D\\Boids_of_Prey_2D\\venv\\Scripts\\mlagents-learn --run-id=firstTest3",
        "mlagents_version": "0.24.1",
        "mlagents_envs_version": "0.24.1",
        "communication_protocol_version": "1.4.0",
        "pytorch_version": "1.7.1+cu110",
        "numpy_version": "1.20.1",
        "end_time_seconds": "1615776994"
    },
    "total": 11.5684174,
    "count": 1,
    "self": 0.004922499999999275,
    "children": {
        "run_training.setup": {
            "total": 0.10693940000000013,
            "count": 1,
            "self": 0.10693940000000013
        },
        "TrainerController.start_learning": {
            "total": 11.4565555,
            "count": 1,
            "self": 0.013029299999967492,
            "children": {
                "TrainerController._reset_env": {
                    "total": 6.7144829999999995,
                    "count": 1,
                    "self": 6.7144829999999995
                },
                "TrainerController.advance": {
                    "total": 4.628415200000034,
                    "count": 511,
                    "self": 0.005665100000046941,
                    "children": {
                        "env_step": {
                            "total": 4.622750099999987,
                            "count": 511,
                            "self": 3.439239699999985,
                            "children": {
                                "SubprocessEnvManager._take_step": {
                                    "total": 1.178555999999987,
                                    "count": 511,
                                    "self": 0.027796399999962418,
                                    "children": {
                                        "TorchPolicy.evaluate": {
                                            "total": 1.1507596000000246,
                                            "count": 511,
                                            "self": 0.39920500000002956,
                                            "children": {
                                                "TorchPolicy.sample_actions": {
                                                    "total": 0.7515545999999951,
                                                    "count": 511,
                                                    "self": 0.7515545999999951
                                                }
                                            }
                                        }
                                    }
                                },
                                "workers": {
                                    "total": 0.0049544000000150135,
                                    "count": 510,
                                    "self": 0.0,
                                    "children": {
                                        "worker_root": {
                                            "total": 6.049604500000009,
                                            "count": 510,
                                            "is_parallel": true,
                                            "self": 3.0349129000000215,
                                            "children": {
                                                "steps_from_proto": {
                                                    "total": 0.0003096999999998573,
                                                    "count": 1,
                                                    "is_parallel": true,
                                                    "self": 9.309999999906893e-05,
                                                    "children": {
                                                        "_process_vector_observation": {
                                                            "total": 0.00021660000000078838,
                                                            "count": 4,
                                                            "is_parallel": true,
                                                            "self": 0.00021660000000078838
                                                        }
                                                    }
                                                },
                                                "UnityEnvironment.step": {
                                                    "total": 3.0143818999999876,
                                                    "count": 510,
                                                    "is_parallel": true,
                                                    "self": 0.028144299999969924,
                                                    "children": {
                                                        "UnityEnvironment._generate_step_input": {
                                                            "total": 0.06714629999999477,
                                                            "count": 510,
                                                            "is_parallel": true,
                                                            "self": 0.06714629999999477
                                                        },
                                                        "communicator.exchange": {
                                                            "total": 2.812376300000011,
                                                            "count": 510,
                                                            "is_parallel": true,
                                                            "self": 2.812376300000011
                                                        },
                                                        "steps_from_proto": {
                                                            "total": 0.10671500000001188,
                                                            "count": 510,
                                                            "is_parallel": true,
                                                            "self": 0.04106059999998557,
                                                            "children": {
                                                                "_process_vector_observation": {
                                                                    "total": 0.06565440000002631,
                                                                    "count": 2040,
                                                                    "is_parallel": true,
                                                                    "self": 0.06565440000002631
                                                                }
                                                            }
                                                        }
                                                    }
                                                }
                                            }
                                        }
                                    }
                                }
                            }
                        }
                    }
                },
                "trainer_threads": {
                    "total": 2.3000000000550358e-05,
                    "count": 1,
                    "self": 2.3000000000550358e-05,
                    "children": {
                        "thread_root": {
                            "total": 0.0,
                            "count": 0,
                            "is_parallel": true,
                            "self": 0.0,