{
    "name": "root",
    "metadata": {
        "timer_format_version": "0.1.0",
        "start_time_seconds": "1615778901",
        "python_version": "3.9.2 (tags/v3.9.2:1a79785, Feb 19 2021, 13:44:55) [MSC v.1928 64 bit (AMD64)]",
        "command_line_arguments": "E:\\uni_work\\Year 3 Term 2\\MAT301\\repos\\Boids-of-Prey-2D\\Boids_of_Prey_2D\\venv\\Scripts\\mlagents-learn --run-id=firstTest11",
        "mlagents_version": "0.24.1",
        "mlagents_envs_version": "0.24.1",
        "communication_protocol_version": "1.4.0",
        "pytorch_version": "1.7.1+cu110",
        "numpy_version": "1.20.1",
        "end_time_seconds": "1615779068"
    },
    "total": 166.9287136,
    "count": 1,
    "self": 0.0031419999999968695,
    "children": {
        "run_training.setup": {
            "total": 0.08926659999999997,
            "count": 1,
            "self": 0.08926659999999997
        },
        "TrainerController.start_learning": {
            "total": 166.836305,
            "count": 1,
            "self": 0.495377700001427,
            "children": {
                "TrainerController._reset_env": {
                    "total": 6.4966417,
                    "count": 1,
                    "self": 6.4966417
                },
                "TrainerController.advance": {
                    "total": 159.73828359999857,
                    "count": 23935,
                    "self": 0.22015979999827096,
                    "children": {
                        "env_step": {
                            "total": 159.5181238000003,
                            "count": 23935,
                            "self": 121.06544839999884,
                            "children": {
                                "SubprocessEnvManager._take_step": {
                                    "total": 38.21493260000018,
                                    "count": 23935,
                                    "self": 1.2442394999983435,
                                    "children": {
                                        "TorchPolicy.evaluate": {
                                            "total": 36.97069310000184,
                                            "count": 23704,
                                            "self": 16.855270500004274,
                                            "children": {
                                                "TorchPolicy.sample_actions": {
                                                    "total": 20.115422599997565,
                                                    "count": 23704,
                                                    "self": 20.115422599997565
                                                }
                                            }
                                        }
                                    }
                                },
                                "workers": {
                                    "total": 0.23774280000126424,
                                    "count": 23934,
                                    "self": 0.0,
                                    "children": {
                                        "worker_root": {
                                            "total": 161.00914049999872,
                                            "count": 23934,
                                            "is_parallel": true,
                                            "self": 58.42463989999992,
                                            "children": {
                                                "steps_from_proto": {
                                                    "total": 0.00029479999999981743,
                                                    "count": 1,
                                                    "is_parallel": true,
                                                    "self": 0.00012520000000026954,
                                                    "children": {
                                                        "_process_vector_observation": {
                                                            "total": 0.0001695999999995479,
                                                            "count": 4,
                                                            "is_parallel": true,
                                                            "self": 0.0001695999999995479
                                                        }
                                                    }
                                                },
                                                "UnityEnvironment.step": {
                                                    "total": 102.5842057999988,
                                                    "count": 23934,
                                                    "is_parallel": true,
                                                    "self": 1.279011299996398,
                                                    "children": {
                                                        "UnityEnvironment._generate_step_input": {
                                                            "total": 2.923396700001681,
                                                            "count": 23934,
                                                            "is_parallel": true,
                                                            "self": 2.923396700001681
                                                        },
                                                        "communicator.exchange": {
                                                            "total": 93.5504103000004,
                                                            "count": 23934,
                                                            "is_parallel": true,
                                                            "self": 93.5504103000004
                                                        },
                                                        "steps_from_proto": {
                                                            "total": 4.831387500000329,
                                                            "count": 23934,
                                                            "is_parallel": true,
                                                            "self": 1.9199520999967579,
                                                            "children": {
                                                                "_process_vector_observation": {
                                                                    "total": 2.9114354000035707,
                                                                    "count": 95736,
                                                                    "is_parallel": true,
                                                                    "self": 2.9114354000035707
                                                                }
                                                            }
                                                        }
                                                    }
                                                }
                                            }
                                        }
                                    }
                                }
                            }
                        }
                    }
                },
                "trainer_threads": {
                    "total": 2.1800000013172394e-05,
                    "count": 1,
                    "self": 2.1800000013172394e-05,
                    "children": {
                        "thread_root": {
                            "total": 0.0,
                            "count": 0,
                            "is_parallel": true,
                            "self": 0.0,
                            "children": {
                                "trainer_advance": {
                                    "total": 159.25864060000018,