{"count":1,"self":42.5086656,"total":162.2182623,"children":{"InitializeActuators":{"count":1,"self":0.0014575999999999999,"total":0.0014575999999999999,"children":null},"InitializeSensors":{"count":1,"self":0.0009912,"total":0.0009912,"children":null},"AgentSendState":{"count":118534,"self":0.4142901,"total":1.661513,"children":{"CollectObservations":{"count":23707,"self":0.040263799999999995,"total":0.040263799999999995,"children":null},"WriteActionMask":{"count":23707,"self":0.0349704,"total":0.0349704,"children":null},"RequestDecision":{"count":23707,"self":0.1369422,"total":1.1719887,"children":{"AgentInfo.ToProto":{"count":23707,"self":0.1316134,"total":1.0350465,"children":{"GenerateSensorData":{"count":23707,"self":0.31217229999999996,"total":0.9034331,"children":{"RayPerceptionSensor.Perceive":{"count":23707,"self":0.59126079999999992,"total":0.59126079999999992,"children":null}}}}}}}}},"DecideAction":{"count":118534,"self":115.2024704,"total":115.20246789999999,"children":null},"AgentAct":{"count":118534,"self":2.8295179999999998,"total":2.8295179,"children":null},"AgentInfo.ToProto":{"count":274,"self":0.00099209999999999988,"total":0.0131527,"children":{"GenerateSensorData":{"count":274,"self":0.0033736,"total":0.012160599999999999,"children":{"RayPerceptionSensor.Perceive":{"count":274,"self":0.008787,"total":0.008787,"children":null}}}}}},"gauges":{"BoidofPrey.CumulativeReward":{"count":274,"max":108.400017,"min":-183.44931,"runningAverage":-117.077637,"value":-120.90004,"weightedAverage":-130.394821}},"metadata":{"timer_format_version":"0.1.0","start_time_seconds":"1615778906","unity_version":"2020.3.0f1","command_line_arguments":"D:\\unity\\editors\\2020.3.0f1\\Editor\\Unity.exe -projectpath E:\/uni_work\/Year 3 Term 2\/MAT301\/repos\/Boids-of-Prey-2D\/Boids_of_Prey_2D -useHub -hubIPC -cloudEnvironment production -hubSessionId 3549c5a0-84e0-11eb-95c8-5384cd12343d -accessToken ilofvvF0BMpm_Mcrz0nBag24ycQG8l63wd3dssDPgnw005f","communication_protocol_version":"1.4.0","com.unity.ml-agents_version":"1.8.1-preview","scene_name":"TestScene","end_time_seconds":"1615779068"}}