{"count":1,"self":193.5070848,"total":1020.8838794999999,"children":{"InitializeActuators":{"count":12,"self":0.0009903,"total":0.0009903,"children":null},"InitializeSensors":{"count":12,"self":0.0014831999999999998,"total":0.0014831999999999998,"children":null},"AgentSendState":{"count":216684,"self":2.478881,"total":54.3457836,"children":{"CollectObservations":{"count":520044,"self":1.1602305,"total":1.1602305,"children":null},"WriteActionMask":{"count":520044,"self":0.4713697,"total":0.4713697,"children":null},"RequestDecision":{"count":520044,"self":1.5946258999999998,"total":50.235302399999995,"children":{"AgentInfo.ToProto":{"count":520044,"self":1.4436128,"total":48.6406765,"children":{"GenerateSensorData":{"count":520044,"self":4.8821676,"total":47.1970637,"children":{"RayPerceptionSensor.Perceive":{"count":520044,"self":42.314896,"total":42.3148961,"children":null}}}}}}}}},"DecideAction":{"count":216684,"self":739.9435264,"total":739.94350109999993,"children":null},"AgentAct":{"count":216684,"self":32.8862752,"total":32.905684799999996,"children":{"AgentInfo.ToProto":{"count":135,"self":0.0009929,"total":0.0194103,"children":{"GenerateSensorData":{"count":135,"self":0.0024438999999999997,"total":0.0184174,"children":{"RayPerceptionSensor.Perceive":{"count":135,"self":0.015973499999999998,"total":0.015973499999999998,"children":null}}}}}}},"AgentInfo.ToProto":{"count":1040,"self":0.0103837,"total":0.17786439999999998,"children":{"GenerateSensorData":{"count":1040,"self":0.019260299999999998,"total":0.16748069999999998,"children":{"RayPerceptionSensor.Perceive":{"count":1040,"self":0.1482204,"total":0.1482204,"children":null}}}}}},"gauges":{"BoidofPrey.CumulativeReward":{"count":1175,"max":29.9991322,"min":-30.0392532,"runningAverage":-0.894633532,"value":-13.189209,"weightedAverage":-3.952017}},"metadata":{"timer_format_version":"0.1.0","start_time_seconds":"1616697335","unity_version":"2020.3.0f1","command_line_arguments":"D:\\unity\\editors\\2020.3.0f1\\Editor\\Unity.exe -projectpath E:\/uni_work\/Year 3 Term 2\/MAT301\/repos\/Boids-of-Prey-2D\/Boids_of_Prey_2D -useHub -hubIPC -cloudEnvironment production -hubSessionId 131f6fd0-8d8b-11eb-bd39-c9976ba3837a -accessToken HsGE2I6gM3jb19f9suUq3Ia3b5cYLqCw4cFBPQPI7xE005f","communication_protocol_version":"1.4.0","com.unity.ml-agents_version":"1.8.1-preview","scene_name":"TestScene","end_time_seconds":"1616698356"}}